timerequest;seatsnumber
18.10.2021 00:59;5
18.10.2021 06:18;3
18.10.2021 11:55;2
18.10.2021 20:14;5
18.10.2021 23:47;2
19.10.2021 16:33;3
19.10.2021 22:04;6
20.10.2021 00:00;5
20.10.2021 02:11;4
20.10.2021 03:23;2
20.10.2021 05:26;4
20.10.2021 09:12;6
20.10.2021 09:51;5
20.10.2021 10:13;6
20.10.2021 15:02;4
20.10.2021 19:25;5
20.10.2021 21:38;4
20.10.2021 21:55;5
21.10.2021 10:22;4
21.10.2021 11:18;8
21.10.2021 19:22;4
22.10.2021 00:34;7
22.10.2021 05:06;2
22.10.2021 05:15;1
22.10.2021 08:34;2
22.10.2021 18:51;3
22.10.2021 19:44;6
22.10.2021 20:02;7
22.10.2021 20:43;5
23.10.2021 01:14;5
23.10.2021 01:57;2
23.10.2021 03:48;1
23.10.2021 08:56;3
23.10.2021 10:41;3
23.10.2021 11:52;4
23.10.2021 12:16;7
23.10.2021 12:54;7
24.10.2021 01:36;3
24.10.2021 02:23;8
24.10.2021 03:26;8
24.10.2021 03:57;6
24.10.2021 08:28;1
24.10.2021 10:02;7
24.10.2021 23:56;6
25.10.2021 03:10;6
25.10.2021 03:33;6
25.10.2021 03:45;1
25.10.2021 04:16;1
25.10.2021 07:41;4
25.10.2021 09:02;5
25.10.2021 11:09;1
25.10.2021 18:30;3
25.10.2021 23:04;7
